benchmark,balance,rate_position,households,excess_eur_m,per_household_eur
"Renegotiation rate, 3.23%",Average balance,bottom of bucket,179941,310.3,1724
"Renegotiation rate, 3.23%",Average balance,midpoint,179941,381.5,2120
"Renegotiation rate, 3.23%",Average balance,top of bucket,179941,452.7,2516
"Renegotiation rate, 3.23%",Balances 25% smaller,bottom of bucket,179941,232.7,1293
"Renegotiation rate, 3.23%",Balances 25% smaller,midpoint,179941,286.1,1590
"Renegotiation rate, 3.23%",Balances 25% smaller,top of bucket,179941,339.5,1887
"New fixed rate, 3.46% (base)",Average balance,bottom of bucket,179941,244.8,1360
"New fixed rate, 3.46% (base)",Average balance,midpoint,179941,316.0,1756
"New fixed rate, 3.46% (base)",Average balance,top of bucket,179941,387.2,2152
"New fixed rate, 3.46% (base)",Balances 25% smaller,bottom of bucket,179941,183.6,1020
"New fixed rate, 3.46% (base)",Balances 25% smaller,midpoint,179941,237.0,1317
"New fixed rate, 3.46% (base)",Balances 25% smaller,top of bucket,179941,290.4,1614
"New variable rate, 3.96%",Average balance,bottom of bucket,179941,102.4,569
"New variable rate, 3.96%",Average balance,midpoint,179941,173.6,965
"New variable rate, 3.96%",Average balance,top of bucket,179941,244.8,1360
"New variable rate, 3.96%",Balances 25% smaller,bottom of bucket,179941,76.8,427
"New variable rate, 3.96%",Balances 25% smaller,midpoint,179941,130.2,724
"New variable rate, 3.96%",Balances 25% smaller,top of bucket,179941,183.6,1020
