lender_type,rate_lower,rate_upper,rate_mid,share,accounts,avg_balance
bank,0.0,0.5,0.25,0.0097,5777.8632,157539.9089
bank,0.5,1.0,0.75,0.0001,59.5656,157539.9089
bank,1.0,1.5,1.25,0.0,0.0,157539.9089
bank,1.5,2.0,1.75,0.0061,3633.5016,157539.9089
bank,2.0,2.5,2.25,0.0708,42172.4448,157539.9089
bank,2.5,3.0,2.75,0.1079,64271.2824,157539.9089
bank,3.0,3.5,3.25,0.3252,193707.3312,157539.9089
bank,3.5,4.0,3.75,0.238,141766.128,157539.9089
bank,4.0,4.5,4.25,0.1658,98759.7648,157539.9089
bank,4.5,5.0,4.75,0.072,42887.232,157539.9089
bank,5.0,5.5,5.25,0.0024,1429.5744,157539.9089
bank,5.5,6.0,5.75,0.0012,714.7872,157539.9089
bank,6.0,6.5,6.25,0.0003,178.6968,157539.9089
bank,6.5,7.0,6.75,0.0001,59.5656,157539.9089
bank,7.0,7.5,7.25,0.0,0.0,157539.9089
bank,7.5,8.0,7.75,0.0,0.0,157539.9089
bank,8.0,8.5,8.25,0.0001,59.5656,157539.9089
bank,8.5,9.0,8.75,0.0001,59.5656,157539.9089
bank,9.0,9.5,9.25,0.0002,119.1312,157539.9089
lending_non_bank,0.0,0.5,0.25,0.0035,125.7987,193068.2193
lending_non_bank,0.5,1.0,0.75,0.0,0.0,193068.2193
lending_non_bank,1.0,1.5,1.25,0.0002,7.1885,193068.2193
lending_non_bank,1.5,2.0,1.75,0.0442,1588.6585,193068.2193
lending_non_bank,2.0,2.5,2.25,0.0347,1247.2047,193068.2193
lending_non_bank,2.5,3.0,2.75,0.0741,2663.3392,193068.2193
lending_non_bank,3.0,3.5,3.25,0.188,6757.1898,193068.2193
lending_non_bank,3.5,4.0,3.75,0.3363,12087.4624,193068.2193
lending_non_bank,4.0,4.5,4.25,0.2121,7623.404,193068.2193
lending_non_bank,4.5,5.0,4.75,0.0999,3590.6556,193068.2193
lending_non_bank,5.0,5.5,5.25,0.005,179.7125,193068.2193
lending_non_bank,5.5,6.0,5.75,0.0019,68.2907,193068.2193
lending_non_bank,6.0,6.5,6.25,0.0,0.0,193068.2193
lending_non_bank,6.5,7.0,6.75,0.0,0.0,193068.2193
lending_non_bank,7.0,7.5,7.25,0.0,0.0,193068.2193
lending_non_bank,7.5,8.0,7.75,0.0,0.0,193068.2193
lending_non_bank,8.0,8.5,8.25,0.0,0.0,193068.2193
lending_non_bank,8.5,9.0,8.75,0.0,0.0,193068.2193
lending_non_bank,9.0,9.5,9.25,0.0001,3.5942,193068.2193
nonlending_non_bank,0.0,0.5,0.25,0.1503,10280.7456,146186.5935
nonlending_non_bank,0.5,1.0,0.75,0.0025,171.0038,146186.5935
nonlending_non_bank,1.0,1.5,1.25,0.0056,383.0484,146186.5935
nonlending_non_bank,1.5,2.0,1.75,0.0067,458.2901,146186.5935
nonlending_non_bank,2.0,2.5,2.25,0.0223,1525.3535,146186.5935
nonlending_non_bank,2.5,3.0,2.75,0.1507,10308.1062,146186.5935
nonlending_non_bank,3.0,3.5,3.25,0.2213,15137.2522,146186.5935
nonlending_non_bank,3.5,4.0,3.75,0.0867,5930.4101,146186.5935
nonlending_non_bank,4.0,4.5,4.25,0.0627,4288.7741,146186.5935
nonlending_non_bank,4.5,5.0,4.75,0.071,4856.5066,146186.5935
nonlending_non_bank,5.0,5.5,5.25,0.0432,2954.9448,146186.5935
nonlending_non_bank,5.5,6.0,5.75,0.046,3146.4691,146186.5935
nonlending_non_bank,6.0,6.5,6.25,0.0694,4747.0642,146186.5935
nonlending_non_bank,6.5,7.0,6.75,0.0397,2715.5396,146186.5935
nonlending_non_bank,7.0,7.5,7.25,0.0068,465.1302,146186.5935
nonlending_non_bank,7.5,8.0,7.75,0.0043,294.1265,146186.5935
nonlending_non_bank,8.0,8.5,8.25,0.007,478.8105,146186.5935
nonlending_non_bank,8.5,9.0,8.75,0.0025,171.0038,146186.5935
nonlending_non_bank,9.0,9.5,9.25,0.0013,88.922,146186.5935
