lender_type,rate_lower_pct,rate_upper_pct,share_of_loans_pct,est_accounts
bank,0.0,0.5,0.97,5778
bank,0.5,1.0,0.01,60
bank,1.5,2.0,0.61,3634
bank,2.0,2.5,7.08,42172
bank,2.5,3.0,10.79,64271
bank,3.0,3.5,32.52,193707
bank,3.5,4.0,23.8,141766
bank,4.0,4.5,16.58,98760
bank,4.5,5.0,7.2,42887
bank,5.0,5.5,0.24,1430
bank,5.5,6.0,0.12,715
bank,6.0,6.5,0.03,179
bank,6.5,7.0,0.01,60
bank,8.0,8.5,0.01,60
bank,8.5,9.0,0.01,60
bank,9.0,9.5,0.02,119
lending_non_bank,0.0,0.5,0.35,126
lending_non_bank,1.0,1.5,0.02,7
lending_non_bank,1.5,2.0,4.42,1589
lending_non_bank,2.0,2.5,3.47,1247
lending_non_bank,2.5,3.0,7.41,2663
lending_non_bank,3.0,3.5,18.8,6757
lending_non_bank,3.5,4.0,33.63,12087
lending_non_bank,4.0,4.5,21.21,7623
lending_non_bank,4.5,5.0,9.99,3591
lending_non_bank,5.0,5.5,0.5,180
lending_non_bank,5.5,6.0,0.19,68
lending_non_bank,9.0,9.5,0.01,4
nonlending_non_bank,0.0,0.5,15.03,10281
nonlending_non_bank,0.5,1.0,0.25,171
nonlending_non_bank,1.0,1.5,0.56,383
nonlending_non_bank,1.5,2.0,0.67,458
nonlending_non_bank,2.0,2.5,2.23,1525
nonlending_non_bank,2.5,3.0,15.07,10308
nonlending_non_bank,3.0,3.5,22.13,15137
nonlending_non_bank,3.5,4.0,8.67,5930
nonlending_non_bank,4.0,4.5,6.27,4289
nonlending_non_bank,4.5,5.0,7.1,4857
nonlending_non_bank,5.0,5.5,4.32,2955
nonlending_non_bank,5.5,6.0,4.6,3146
nonlending_non_bank,6.0,6.5,6.94,4747
nonlending_non_bank,6.5,7.0,3.97,2716
nonlending_non_bank,7.0,7.5,0.68,465
nonlending_non_bank,7.5,8.0,0.43,294
nonlending_non_bank,8.0,8.5,0.7,479
nonlending_non_bank,8.5,9.0,0.25,171
nonlending_non_bank,9.0,9.5,0.13,89
