lender_type,rate_bucket,est_accounts,gap_pct_points,excess_interest_per_account_eur,excess_interest_eur_m
bank,4.0-4.5,98760,0.79,1245.0,122.9
bank,4.5-5.0,42887,1.29,2032.0,87.2
bank,5.0-5.5,1430,1.79,2820.0,4.0
bank,5.5-6.0,715,2.29,3608.0,2.6
bank,6.0-6.5,179,2.79,4395.0,0.8
bank,6.5-7.0,60,3.29,5183.0,0.3
bank,8.0-8.5,60,4.79,7546.0,0.4
bank,8.5-9.0,60,5.29,8334.0,0.5
bank,9.0-9.5,119,5.79,9122.0,1.1
lending_non_bank,4.0-4.5,7623,0.79,1525.0,11.6
lending_non_bank,4.5-5.0,3591,1.29,2491.0,8.9
lending_non_bank,5.0-5.5,180,1.79,3456.0,0.6
lending_non_bank,5.5-6.0,68,2.29,4421.0,0.3
lending_non_bank,9.0-9.5,4,5.79,11179.0,0.0
nonlending_non_bank,4.0-4.5,4289,0.79,1155.0,5.0
nonlending_non_bank,4.5-5.0,4857,1.29,1886.0,9.2
nonlending_non_bank,5.0-5.5,2955,1.79,2617.0,7.7
nonlending_non_bank,5.5-6.0,3146,2.29,3348.0,10.5
nonlending_non_bank,6.0-6.5,4747,2.79,4079.0,19.4
nonlending_non_bank,6.5-7.0,2716,3.29,4810.0,13.1
nonlending_non_bank,7.0-7.5,465,3.79,5540.0,2.6
nonlending_non_bank,7.5-8.0,294,4.29,6271.0,1.8
nonlending_non_bank,8.0-8.5,479,4.79,7002.0,3.4
nonlending_non_bank,8.5-9.0,171,5.29,7733.0,1.3
nonlending_non_bank,9.0-9.5,89,5.79,8464.0,0.8
