quarter,segment,volume,value_eur_m,source_id
2024Q4,FTB,8049,2487,BPFI_DD_2025Q4
2024Q4,Mover Purchase,2738,984,BPFI_DD_2025Q4
2024Q4,RIL,210,38,BPFI_DD_2025Q4
2024Q4,Re-mortgage/Switching,1254,331,BPFI_DD_2025Q4
2024Q4,Top-up,758,110,BPFI_DD_2025Q4
2024Q4,Total,13009,3949,BPFI_DD_2025Q4
2025Q1,FTB,5303,1659,BPFI_DD_2026Q1
2025Q1,Mover Purchase,1951,721,BPFI_DD_2026Q1
2025Q1,RIL,181,34,BPFI_DD_2026Q1
2025Q1,Re-mortgage/Switching,1179,314,BPFI_DD_2026Q1
2025Q1,Top-up,603,86,BPFI_DD_2026Q1
2025Q1,Total,9217,2814,BPFI_DD_2026Q1
2025Q2,FTB,6488,2053,BPFI_DD_2026Q2
2025Q2,Mover Purchase,1996,753,BPFI_DD_2026Q2
2025Q2,RIL,166,33,BPFI_DD_2026Q2
2025Q2,Re-mortgage/Switching,1493,421,BPFI_DD_2026Q2
2025Q2,Top-up,835,111,BPFI_DD_2026Q2
2025Q2,Total,10978,3371,BPFI_DD_2026Q2
2025Q3,FTB,7490,2418,BPFI_DD_2025Q4
2025Q3,Mover Purchase,2390,931,BPFI_DD_2025Q4
2025Q3,RIL,180,37,BPFI_DD_2025Q4
2025Q3,Re-mortgage/Switching,1562,460,BPFI_DD_2025Q4
2025Q3,Top-up,948,128,BPFI_DD_2025Q4
2025Q3,Total,12570,3974,BPFI_DD_2025Q4
2025Q4,FTB,8371,2711,BPFI_DD_2026Q1
2025Q4,Mover Purchase,2445,930,BPFI_DD_2026Q1
2025Q4,RIL,204,41,BPFI_DD_2026Q1
2025Q4,Re-mortgage/Switching,1679,504,BPFI_DD_2026Q1
2025Q4,Top-up,894,138,BPFI_DD_2026Q1
2025Q4,Total,13593,4324,BPFI_DD_2026Q1
2026Q1,FTB,5626,1839,BPFI_DD_2026Q2
2026Q1,Mover Purchase,1768,698,BPFI_DD_2026Q2
2026Q1,RIL,165,32,BPFI_DD_2026Q2
2026Q1,Re-mortgage/Switching,1221,366,BPFI_DD_2026Q2
2026Q1,Top-up,657,98,BPFI_DD_2026Q2
2026Q1,Total,9437,3034,BPFI_DD_2026Q2
2026Q2,FTB,6941,2261,BPFI_DD_2026Q2
2026Q2,Mover Purchase,2017,788,BPFI_DD_2026Q2
2026Q2,RIL,136,30,BPFI_DD_2026Q2
2026Q2,Re-mortgage/Switching,1696,525,BPFI_DD_2026Q2
2026Q2,Top-up,1005,142,BPFI_DD_2026Q2
2026Q2,Total,11795,3747,BPFI_DD_2026Q2
