reference_month,rate_upper_pct,bank_cum_pct,lending_nonbank_cum_pct,nonlending_nonbank_cum_pct,source_id
2026-06,0.5,0.97,0.35,15.03,CBI_FRONTIER_2026Q2
2026-06,1.0,0.98,0.35,15.28,CBI_FRONTIER_2026Q2
2026-06,1.5,0.98,0.37,15.84,CBI_FRONTIER_2026Q2
2026-06,2.0,1.59,4.79,16.51,CBI_FRONTIER_2026Q2
2026-06,2.5,8.67,8.26,18.74,CBI_FRONTIER_2026Q2
2026-06,3.0,19.46,15.67,33.81,CBI_FRONTIER_2026Q2
2026-06,3.5,51.98,34.47,55.94,CBI_FRONTIER_2026Q2
2026-06,4.0,75.78,68.10,64.61,CBI_FRONTIER_2026Q2
2026-06,4.5,92.36,89.31,70.88,CBI_FRONTIER_2026Q2
2026-06,5.0,99.56,99.30,77.98,CBI_FRONTIER_2026Q2
2026-06,5.5,99.80,99.80,82.30,CBI_FRONTIER_2026Q2
2026-06,6.0,99.92,99.99,86.90,CBI_FRONTIER_2026Q2
2026-06,6.5,99.95,99.99,93.84,CBI_FRONTIER_2026Q2
2026-06,7.0,99.96,99.99,97.81,CBI_FRONTIER_2026Q2
2026-06,7.5,99.96,99.99,98.49,CBI_FRONTIER_2026Q2
2026-06,8.0,99.96,99.99,98.92,CBI_FRONTIER_2026Q2
2026-06,8.5,99.97,99.99,99.62,CBI_FRONTIER_2026Q2
2026-06,9.0,99.98,99.99,99.87,CBI_FRONTIER_2026Q2
2026-06,9.5,100.00,100.00,100.00,CBI_FRONTIER_2026Q2
