source_id,publisher,title,reference_period,url
CBI_FRONTIER_2026Q2,Central Bank of Ireland,Frontier Statistics: Mortgage Interest Rate Distributions,2026-06,https://centralbank.ie/statistics/frontierstatistics/mortgage-interest-rate-distributions
CBI_RIR_2026M06,Central Bank of Ireland,Retail Interest Rates - June 2026,2026-06,https://edit.centralbank.ie/docs/default-source/statistics/data-and-analysis/credit-and-banking-statistics/retail-interest-rates/retail-interest-rates---june-2026
CBI_RIR_2026M05,Central Bank of Ireland,Retail Interest Rates - May 2026,2026-05,https://centralbank.ie/statistics/data-and-analysis/credit-and-banking-statistics/retail-interest-rates
CBI_RIR_2026M04,Central Bank of Ireland,Retail Interest Rates - April 2026,2026-04,https://centralbank.ie/statistics/data-and-analysis/credit-and-banking-statistics/retail-interest-rates
CBI_RIR_2025M11,Central Bank of Ireland (as reported by The Anglo-Celt),Retail Interest Rates - November 2025,2025-11,https://www.anglocelt.ie/?p=128796
CBI_RIR_2025M07,Central Bank of Ireland,Retail Interest Rates - July 2025,2025-07,https://www.centralbank.ie/docs/default-source/statistics/data-and-analysis/credit-and-banking-statistics/retail-interest-rates/2025m07_ie_retail_interest_rate_statistics.pdf
CBI_RIR_2025M06,Central Bank of Ireland,Retail Interest Rates - June 2025 (incl. Table A non-bank PDH lending),2025-06,https://www.centralbank.ie/docs/default-source/statistics/data-and-analysis/credit-and-banking-statistics/retail-interest-rates/2025m06_ie_retail_interest_rate_statistics.pdf
CBI_RIR_2025M02,Central Bank of Ireland,Retail Interest Rates - February 2025,2025-02,https://www.centralbank.ie/docs/default-source/statistics/data-and-analysis/credit-and-banking-statistics/retail-interest-rates/2025m02_ie_retail_interest_rate_statistics.pdf
CBI_ARREARS_2026Q1,Central Bank of Ireland,Residential Mortgage Arrears and Repossessions Statistics Q1 2026,2026-03,https://centralbank.ie/statistics/data-and-analysis/credit-and-banking-statistics/mortgage-arrears
CBI_ARREARS_2026Q2,Central Bank of Ireland (as reported by Irish Examiner),Residential Mortgage Arrears and Repossessions Statistics Q2 2026,2026-06,https://www.irishexaminer.com/business/economy/arid-41912935.html
BPFI_DD_2026Q2,Banking & Payments Federation Ireland,BPFI Mortgage Drawdowns Report Q2 2026,2026-Q2,https://bpfi.ie/wp-content/uploads/2026/07/BPFI-Mortgage-Drawdowns-Report-Q2-2026.pdf
BPFI_DD_2026Q1,Banking & Payments Federation Ireland,BPFI Mortgage Drawdowns Report Q1 2026,2026-Q1,https://bpfi.ie/wp-content/uploads/2026/04/BPFI-Mortgage-Drawdowns-Report-Q1-2026.pdf
BPFI_DD_2025Q4,Banking & Payments Federation Ireland,BPFI Mortgage Drawdowns Report Q4 2025,2025-Q4,https://bpfi.ie/wp-content/uploads/2026/01/Mortgage-Drawdowns-Report-Q4-2025.pdf
BPFI_STOCK_2024,Banking & Payments Federation Ireland,BPFI statement re ECB interest rate announcement (rate-type mix of PDH stock),2024-06,https://bpfi.ie/?p=7603
AIB_FY2025,AIB Group plc,2025 Annual Results announcement,FY2025,https://aib.ie/content/dam/frontdoor/investorrelations/docs/resultscentre/annualreport/2025/aib-group-plc-afr-announcement-2025.pdf
BOI_FY2025,Bank of Ireland Group plc,2025 Annual Results and Strategy Update,FY2025,https://investorrelations.bankofireland.com/app/uploads/D15699-BOI-FY-2025-Annual-Results-Announcement-Web-Feb26-FINAL-np.pdf
PTSB_FY2025,PTSB plc,Annual results for year ended 31 December 2025,FY2025,https://www.lse.co.uk/rns/PTSB/commentary-on-2025-annual-financial-report-m968x0b6yljc13e.html
BONKERS_FEES,bonkers.ie,Switching mortgage: what are the legal fees,undated,https://bonkers.ie/blog/mortgages/switching-mortgage-what-are-the-legal-fees-and-which-banks-will-pay-them-for-you
DODDL_2026M03,doddl.ie (as reported by Kildare Now),Five lenders now offer Irish mortgage holders cash for switching,2026-03,https://www.kildarenow.com/news/home/1427056/it-s-up-to-consumers-five-lenders-now-offer-irish-mortgage-holders-cash-for-switching.html
CBI_SWITCH_2020,Central Bank of Ireland,Economic Letter: Mortgage switching (press release),2020-10,https://www.centralbank.ie/news/article/press-release-mortgage-holders-could-save-significant-amounts-by-switching-but-switching-activity-remains-low-29-october-2020
CPC_2026,William Fry,The Consumer Protection Code comes into force,2026-03,https://www.williamfry.com/knowledge/the-consumer-protection-code-comes-into-force/
